X,Y,id,naziv,icon_url
13.7970076310819,44.8936354369617,,"1",./0.png
