X,Y,id,naziv,icon_url
13.7970076310819,44.8936354369617,,"1",./0.png
13.7978834376247,44.890257401167,,"2",./0.png
13.8069334385674,44.8910422686219,,"3",./0.png
